[{"model": "restapi.appuser", "pk": "google-oauth2|116792205554870559102", "fields": {"name": "Abhishek Gupta", "email": "satyam0350@gmail.com", "mobile": null}}, {"model": "restapi.cycle", "pk": 1, "fields": {"name": "Hecules Max Pro ", "basePrice": 220, "maxPrice": 990, "owner": "Abhishek Gupta", "bidStartTime": "2022-11-22T15:35:00Z", "bidDeadline": "2022-11-23T06:30:58Z", "buyOutPrice": 520, "viewCount": 108, "desc": "As you can see, The cycn publishing and graphic design, Lorem ipsum is a placeholder text commonly used to demonstrate the visual form of a document or a typeface without relying on meaningful content. Lorem ipsum may be used as a placeholder before final copy", "highest_bid": 670, "state": 1, "buyer": "google-oauth2|116792205554870559102", "uuid": "8f63107f", "purchased_amount": 670, "user": "google-oauth2|116792205554870559102", "image_1": "images/2022-11-22_085452.914376-atharva-whaval-00FtI1OxMUI-unsplash.jpg", "image_2": "images/2022-11-22_085452.916636-daniel-llorente-Oz9rW_O3s9I-unsplash.jpg", "image_3": "images/2022-11-22_085452.916974-alvan-nee-EHILKZNmTuA-unsplash.jpg", "image_4": "", "image_5": ""}}, {"model": "restapi.cycle", "pk": 3, "fields": {"name": "Hero Speedspter", "basePrice": 500, "maxPrice": 1500, "owner": "Abhishek Gupta", "bidStartTime": "2022-11-22T17:29:19Z", "bidDeadline": "2022-11-23T13:00:45Z", "buyOutPrice": 1000, "viewCount": 0, "desc": "In publishing and graphic design, Lorem ipsum is a placeholder text commonly used to demonstrate the visual form of a document or a typeface without relying on meaningful content. Lorem ipsum may be used as a placeholder before final copy is available.", "highest_bid": null, "state": -1, "buyer": null, "uuid": null, "purchased_amount": 0, "user": "google-oauth2|116792205554870559102", "image_1": "images/2022-11-22_172735.293906-ronaldo-de-oliveira-zjlKr-z9KG8-unsplash.jpg", "image_2": "images/2022-11-22_172735.294501-howard-bouchevereau-BRDO4C-0h_s-unsplash.jpg", "image_3": "images/2022-11-22_172735.294631-saurav-kundu-H8QttyFgroY-unsplash.jpg", "image_4": "", "image_5": ""}}, {"model": "restapi.cycle", "pk": 4, "fields": {"name": "Hercules Kratos Timeout", "basePrice": 250, "maxPrice": 600, "owner": "Abhishek Gupta", "bidStartTime": "2022-11-22T17:30:44Z", "bidDeadline": "2022-11-22T17:35:10Z", "buyOutPrice": 500, "viewCount": 0, "desc": "In publishing and graphic design, Lorem ipsum is a placeholder text commonly used to demonstrate the visual form of a document or a typeface without relying on meaningful content. Lorem ipsum may be used as a placeholder before final copy is available.", "highest_bid": null, "state": -1, "buyer": null, "uuid": null, "purchased_amount": 0, "user": "google-oauth2|116792205554870559102", "image_1": "images/2022-11-22_172903.528029-hitesh-dewasi-kjnwtmCaKUw-unsplash.jpg", "image_2": "images/2022-11-22_172903.528403-hilal-kh-RSB38i67lko-unsplash.jpg", "image_3": "images/2022-11-22_172903.528506-john-nzoka-n0iClJpvmPQ-unsplash.jpg", "image_4": "", "image_5": ""}}, {"model": "restapi.cycle", "pk": 5, "fields": {"name": "Hero Buyout", "basePrice": 120, "maxPrice": 900, "owner": "Abhishek Gupta", "bidStartTime": "2022-11-23T16:30:19Z", "bidDeadline": "2022-11-30T07:29:45Z", "buyOutPrice": 500, "viewCount": 0, "desc": "In publishing and graphic design, Lorem ipsum is a placeholder text commonly used to demonstrate the visual form of a document or a typeface without relying on meaningful content. Lorem ipsum may be used as a placeholder before final copy is available.", "highest_bid": null, "state": -1, "buyer": null, "uuid": null, "purchased_amount": 0, "user": "google-oauth2|116792205554870559102", "image_1": "images/2022-11-22_173009.220522-karim-manjra-QZv2PEXUk7c-unsplash.jpg", "image_2": "images/2022-11-22_173009.221104-faris-mohammed-thTyKfR9ZPQ-unsplash.jpg", "image_3": "images/2022-11-22_173009.221232-kaur-kristjan-miUC0b1IVYU-unsplash.jpg", "image_4": "", "image_5": ""}}, {"model": "restapi.cycle", "pk": 6, "fields": {"name": "Hero Deleter", "basePrice": 200, "maxPrice": 1200, "owner": "Abhishek Gupta", "bidStartTime": "2022-11-22T17:39:22Z", "bidDeadline": "2022-11-25T07:29:48Z", "buyOutPrice": 800, "viewCount": 0, "desc": "In publishing and graphic design, Lorem ipsum is a placeholder text commonly used to demonstrate the visual form of a document or a typeface without relying on meaningful content. Lorem ipsum may be used as a placeholder before final copy is available.", "highest_bid": null, "state": -1, "buyer": null, "uuid": null, "purchased_amount": 0, "user": "google-oauth2|116792205554870559102", "image_1": "images/2022-11-22_173137.878841-zoltan-tasi--SFel5f_VOw-unsplash.jpg", "image_2": "images/2022-11-22_173137.879245-zoltan-tasi-WwlP3F1VksA-unsplash.jpg", "image_3": "", "image_4": "", "image_5": ""}}, {"model": "restapi.cycle", "pk": 7, "fields": {"name": "Hero Final", "basePrice": 500, "maxPrice": 1700, "owner": "Abhishek Gupta", "bidStartTime": "2022-11-22T18:00:37Z", "bidDeadline": "2022-11-30T06:30:03Z", "buyOutPrice": 900, "viewCount": 0, "desc": "In publishing and graphic design, Lorem ipsum is a placeholder text commonly used to demonstrate the visual form of a document or a typeface without relying on meaningful content. Lorem ipsum may be used as a placeholder before final copy is available.", "highest_bid": null, "state": -1, "buyer": null, "uuid": null, "purchased_amount": 0, "user": "google-oauth2|116792205554870559102", "image_1": "images/2022-11-22_173334.747717-atharva-whaval-00FtI1OxMUI-unsplash.jpg", "image_2": "images/2022-11-22_173334.748315-daniel-llorente-Oz9rW_O3s9I-unsplash.jpg", "image_3": "images/2022-11-22_173334.748456-alvan-nee-EHILKZNmTuA-unsplash.jpg", "image_4": "", "image_5": ""}}, {"model": "restapi.trending", "pk": 7, "fields": {"cycle_id": 1}}, {"model": "restapi.bid", "pk": 1, "fields": {"user": "google-oauth2|116792205554870559102", "cycle": 1, "bid_price": 230}}, {"model": "restapi.bid", "pk": 2, "fields": {"user": "google-oauth2|116792205554870559102", "cycle": 1, "bid_price": 550}}, {"model": "restapi.bid", "pk": 4, "fields": {"user": "google-oauth2|116792205554870559102", "cycle": 1, "bid_price": 670}}, {"model": "auth.permission", "pk": 1, "fields": {"name": "Can add crontab", "content_type": 1, "codename": "add_crontabschedule"}}, {"model": "auth.permission", "pk": 2, "fields": {"name": "Can change crontab", "content_type": 1, "codename": "change_crontabschedule"}}, {"model": "auth.permission", "pk": 3, "fields": {"name": "Can delete crontab", "content_type": 1, "codename": "delete_crontabschedule"}}, {"model": "auth.permission", "pk": 4, "fields": {"name": "Can view crontab", "content_type": 1, "codename": "view_crontabschedule"}}, {"model": "auth.permission", "pk": 5, "fields": {"name": "Can add interval", "content_type": 2, "codename": "add_intervalschedule"}}, {"model": "auth.permission", "pk": 6, "fields": {"name": "Can change interval", "content_type": 2, "codename": "change_intervalschedule"}}, {"model": "auth.permission", "pk": 7, "fields": {"name": "Can delete interval", "content_type": 2, "codename": "delete_intervalschedule"}}, {"model": "auth.permission", "pk": 8, "fields": {"name": "Can view interval", "content_type": 2, "codename": "view_intervalschedule"}}, {"model": "auth.permission", "pk": 9, "fields": {"name": "Can add periodic task", "content_type": 3, "codename": "add_periodictask"}}, {"model": "auth.permission", "pk": 10, "fields": {"name": "Can change periodic task", "content_type": 3, "codename": "change_periodictask"}}, {"model": "auth.permission", "pk": 11, "fields": {"name": "Can delete periodic task", "content_type": 3, "codename": "delete_periodictask"}}, {"model": "auth.permission", "pk": 12, "fields": {"name": "Can view periodic task", "content_type": 3, "codename": "view_periodictask"}}, {"model": "auth.permission", "pk": 13, "fields": {"name": "Can add periodic tasks", "content_type": 4, "codename": "add_periodictasks"}}, {"model": "auth.permission", "pk": 14, "fields": {"name": "Can change periodic tasks", "content_type": 4, "codename": "change_periodictasks"}}, {"model": "auth.permission", "pk": 15, "fields": {"name": "Can delete periodic tasks", "content_type": 4, "codename": "delete_periodictasks"}}, {"model": "auth.permission", "pk": 16, "fields": {"name": "Can view periodic tasks", "content_type": 4, "codename": "view_periodictasks"}}, {"model": "auth.permission", "pk": 17, "fields": {"name": "Can add solar event", "content_type": 5, "codename": "add_solarschedule"}}, {"model": "auth.permission", "pk": 18, "fields": {"name": "Can change solar event", "content_type": 5, "codename": "change_solarschedule"}}, {"model": "auth.permission", "pk": 19, "fields": {"name": "Can delete solar event", "content_type": 5, "codename": "delete_solarschedule"}}, {"model": "auth.permission", "pk": 20, "fields": {"name": "Can view solar event", "content_type": 5, "codename": "view_solarschedule"}}, {"model": "auth.permission", "pk": 21, "fields": {"name": "Can add clocked", "content_type": 6, "codename": "add_clockedschedule"}}, {"model": "auth.permission", "pk": 22, "fields": {"name": "Can change clocked", "content_type": 6, "codename": "change_clockedschedule"}}, {"model": "auth.permission", "pk": 23, "fields": {"name": "Can delete clocked", "content_type": 6, "codename": "delete_clockedschedule"}}, {"model": "auth.permission", "pk": 24, "fields": {"name": "Can view clocked", "content_type": 6, "codename": "view_clockedschedule"}}, {"model": "auth.permission", "pk": 25, "fields": {"name": "Can add cycle", "content_type": 7, "codename": "add_cycle"}}, {"model": "auth.permission", "pk": 26, "fields": {"name": "Can change cycle", "content_type": 7, "codename": "change_cycle"}}, {"model": "auth.permission", "pk": 27, "fields": {"name": "Can delete cycle", "content_type": 7, "codename": "delete_cycle"}}, {"model": "auth.permission", "pk": 28, "fields": {"name": "Can view cycle", "content_type": 7, "codename": "view_cycle"}}, {"model": "auth.permission", "pk": 29, "fields": {"name": "Can add new", "content_type": 8, "codename": "add_new"}}, {"model": "auth.permission", "pk": 30, "fields": {"name": "Can change new", "content_type": 8, "codename": "change_new"}}, {"model": "auth.permission", "pk": 31, "fields": {"name": "Can delete new", "content_type": 8, "codename": "delete_new"}}, {"model": "auth.permission", "pk": 32, "fields": {"name": "Can view new", "content_type": 8, "codename": "view_new"}}, {"model": "auth.permission", "pk": 33, "fields": {"name": "Can add trending", "content_type": 9, "codename": "add_trending"}}, {"model": "auth.permission", "pk": 34, "fields": {"name": "Can change trending", "content_type": 9, "codename": "change_trending"}}, {"model": "auth.permission", "pk": 35, "fields": {"name": "Can delete trending", "content_type": 9, "codename": "delete_trending"}}, {"model": "auth.permission", "pk": 36, "fields": {"name": "Can view trending", "content_type": 9, "codename": "view_trending"}}, {"model": "auth.permission", "pk": 37, "fields": {"name": "Can add bid", "content_type": 10, "codename": "add_bid"}}, {"model": "auth.permission", "pk": 38, "fields": {"name": "Can change bid", "content_type": 10, "codename": "change_bid"}}, {"model": "auth.permission", "pk": 39, "fields": {"name": "Can delete bid", "content_type": 10, "codename": "delete_bid"}}, {"model": "auth.permission", "pk": 40, "fields": {"name": "Can view bid", "content_type": 10, "codename": "view_bid"}}, {"model": "auth.permission", "pk": 41, "fields": {"name": "Can add app user", "content_type": 11, "codename": "add_appuser"}}, {"model": "auth.permission", "pk": 42, "fields": {"name": "Can change app user", "content_type": 11, "codename": "change_appuser"}}, {"model": "auth.permission", "pk": 43, "fields": {"name": "Can delete app user", "content_type": 11, "codename": "delete_appuser"}}, {"model": "auth.permission", "pk": 44, "fields": {"name": "Can view app user", "content_type": 11, "codename": "view_appuser"}}, {"model": "auth.permission", "pk": 45, "fields": {"name": "Can add log entry", "content_type": 12, "codename": "add_logentry"}}, {"model": "auth.permission", "pk": 46, "fields": {"name": "Can change log entry", "content_type": 12, "codename": "change_logentry"}}, {"model": "auth.permission", "pk": 47, "fields": {"name": "Can delete log entry", "content_type": 12, "codename": "delete_logentry"}}, {"model": "auth.permission", "pk": 48, "fields": {"name": "Can view log entry", "content_type": 12, "codename": "view_logentry"}}, {"model": "auth.permission", "pk": 49, "fields": {"name": "Can add permission", "content_type": 13, "codename": "add_permission"}}, {"model": "auth.permission", "pk": 50, "fields": {"name": "Can change permission", "content_type": 13, "codename": "change_permission"}}, {"model": "auth.permission", "pk": 51, "fields": {"name": "Can delete permission", "content_type": 13, "codename": "delete_permission"}}, {"model": "auth.permission", "pk": 52, "fields": {"name": "Can view permission", "content_type": 13, "codename": "view_permission"}}, {"model": "auth.permission", "pk": 53, "fields": {"name": "Can add group", "content_type": 14, "codename": "add_group"}}, {"model": "auth.permission", "pk": 54, "fields": {"name": "Can change group", "content_type": 14, "codename": "change_group"}}, {"model": "auth.permission", "pk": 55, "fields": {"name": "Can delete group", "content_type": 14, "codename": "delete_group"}}, {"model": "auth.permission", "pk": 56, "fields": {"name": "Can view group", "content_type": 14, "codename": "view_group"}}, {"model": "auth.permission", "pk": 57, "fields": {"name": "Can add user", "content_type": 15, "codename": "add_user"}}, {"model": "auth.permission", "pk": 58, "fields": {"name": "Can change user", "content_type": 15, "codename": "change_user"}}, {"model": "auth.permission", "pk": 59, "fields": {"name": "Can delete user", "content_type": 15, "codename": "delete_user"}}, {"model": "auth.permission", "pk": 60, "fields": {"name": "Can view user", "content_type": 15, "codename": "view_user"}}, {"model": "auth.permission", "pk": 61, "fields": {"name": "Can add content type", "content_type": 16, "codename": "add_contenttype"}}, {"model": "auth.permission", "pk": 62, "fields": {"name": "Can change content type", "content_type": 16, "codename": "change_contenttype"}}, {"model": "auth.permission", "pk": 63, "fields": {"name": "Can delete content type", "content_type": 16, "codename": "delete_contenttype"}}, {"model": "auth.permission", "pk": 64, "fields": {"name": "Can view content type", "content_type": 16, "codename": "view_contenttype"}}, {"model": "auth.permission", "pk": 65, "fields": {"name": "Can add session", "content_type": 17, "codename": "add_session"}}, {"model": "auth.permission", "pk": 66, "fields": {"name": "Can change session", "content_type": 17, "codename": "change_session"}}, {"model": "auth.permission", "pk": 67, "fields": {"name": "Can delete session", "content_type": 17, "codename": "delete_session"}}, {"model": "auth.permission", "pk": 68, "fields": {"name": "Can view session", "content_type": 17, "codename": "view_session"}}, {"model": "contenttypes.contenttype", "pk": 1, "fields": {"app_label": "django_celery_beat", "model": "crontabschedule"}}, {"model": "contenttypes.contenttype", "pk": 2, "fields": {"app_label": "django_celery_beat", "model": "intervalschedule"}}, {"model": "contenttypes.contenttype", "pk": 3, "fields": {"app_label": "django_celery_beat", "model": "periodictask"}}, {"model": "contenttypes.contenttype", "pk": 4, "fields": {"app_label": "django_celery_beat", "model": "periodictasks"}}, {"model": "contenttypes.contenttype", "pk": 5, "fields": {"app_label": "django_celery_beat", "model": "solarschedule"}}, {"model": "contenttypes.contenttype", "pk": 6, "fields": {"app_label": "django_celery_beat", "model": "clockedschedule"}}, {"model": "contenttypes.contenttype", "pk": 7, "fields": {"app_label": "restapi", "model": "cycle"}}, {"model": "contenttypes.contenttype", "pk": 8, "fields": {"app_label": "restapi", "model": "new"}}, {"model": "contenttypes.contenttype", "pk": 9, "fields": {"app_label": "restapi", "model": "trending"}}, {"model": "contenttypes.contenttype", "pk": 10, "fields": {"app_label": "restapi", "model": "bid"}}, {"model": "contenttypes.contenttype", "pk": 11, "fields": {"app_label": "restapi", "model": "appuser"}}, {"model": "contenttypes.contenttype", "pk": 12, "fields": {"app_label": "admin", "model": "logentry"}}, {"model": "contenttypes.contenttype", "pk": 13, "fields": {"app_label": "auth", "model": "permission"}}, {"model": "contenttypes.contenttype", "pk": 14, "fields": {"app_label": "auth", "model": "group"}}, {"model": "contenttypes.contenttype", "pk": 15, "fields": {"app_label": "auth", "model": "user"}}, {"model": "contenttypes.contenttype", "pk": 16, "fields": {"app_label": "contenttypes", "model": "contenttype"}}, {"model": "contenttypes.contenttype", "pk": 17, "fields": {"app_label": "sessions", "model": "session"}}]