[{"model": "restapi.appuser", "pk": "google-oauth2|116792205554870559102", "fields": {"name": "Abhishek Gupta", "email": "satyam0350@gmail.com", "mobile": null}}, {"model": "restapi.cycle", "pk": 15, "fields": {"name": "Hero Avon Splax Pro", "basePrice": 200, "owner": "Abhishek Gupta", "bidDeadline": "2022-10-26T19:18:30.848Z", "buyOutPrice": 920, "viewCount": 6, "desc": "This is a good cycle in good condition. Reason for sell is moving out.", "highest_bid": null, "state": 1, "user_id": "google-oauth2|116792205554870559102", "image_1": "images/2022-10-23_224910.794963-sign.jpeg", "image_2": "images/2022-10-23_224910.796928-Screenshot_from_2022-10-21_20-39-54.png", "image_3": "images/2022-10-23_224910.798808-Screenshot_from_2022-10-19_02-04-23.png", "image_4": "images/2022-10-23_224910.799706-Screenshot_from_2022-10-19_02-03-52.png", "image_5": ""}}, {"model": "restapi.cycle", "pk": 16, "fields": {"name": "Cradiac Voyger Extream", "basePrice": 3500, "owner": "Abhishek Gupta", "bidDeadline": "2022-10-26T19:11:51.096Z", "buyOutPrice": 5500, "viewCount": 15, "desc": "Any complete round or series of occurrences that repeats or is repeated. A round of years or a recurring period, especially one in which certain events or phenomena repeat themselves in the same order and at the same intervals.", "highest_bid": null, "state": 1, "user_id": "google-oauth2|116792205554870559102", "image_1": "images/2022-10-24_072757.529492-faris-mohammed-thTyKfR9ZPQ-unsplash.jpg", "image_2": "images/2022-10-24_072757.530267-karim-manjra-QZv2PEXUk7c-unsplash.jpg", "image_3": "images/2022-10-24_072757.530460-kaur-kristjan-miUC0b1IVYU-unsplash.jpg", "image_4": "", "image_5": ""}}, {"model": "restapi.cycle", "pk": 17, "fields": {"name": "Hercules Transformer", "basePrice": 6000, "owner": "Abhishek Gupta", "bidDeadline": "2022-10-26T19:18:47.423Z", "buyOutPrice": 9500, "viewCount": 12, "desc": "Any complete round or series of occurrences that repeats or is repeated. A round of years or a recurring period of time, especially one in which certain events or phenomena repeat themselves in the same order and at the same intervals.", "highest_bid": null, "state": 1, "user_id": "google-oauth2|116792205554870559102", "image_1": "images/2022-10-24_073007.352299-paul-green-gOHfFgwyDNM-unsplash.jpg", "image_2": "images/2022-10-24_073007.353108-ting-tse-wang-0pqoAu5mW0s-unsplash.jpg", "image_3": "", "image_4": "", "image_5": ""}}, {"model": "restapi.cycle", "pk": 18, "fields": {"name": "Hercules Max Pro", "basePrice": 400, "owner": "Abhishek Gupta", "bidDeadline": "2022-10-26T19:18:10.381Z", "buyOutPrice": 1000, "viewCount": 9, "desc": "(Entry 1 of 2) 1 : a particular body of knowledge or tradition the lore of baseball heroes. 2 : something that is learned: a : traditional knowledge or belief tribal lore. b : knowledge gained through study or experience the lore of religious architecture.\r\n", "highest_bid": null, "state": 1, "user_id": "google-oauth2|116792205554870559102", "image_1": "images/2022-10-26_084044.973952-karim-manjra-QZv2PEXUk7c-unsplash.jpg", "image_2": "images/2022-10-26_084044.974288-kaur-kristjan-miUC0b1IVYU-unsplash.jpg", "image_3": "", "image_4": "", "image_5": ""}}, {"model": "restapi.trending", "pk": 1, "fields": {"cycle_id": 16}}, {"model": "restapi.trending", "pk": 2, "fields": {"cycle_id": 15}}, {"model": "restapi.trending", "pk": 3, "fields": {"cycle_id": 17}}, {"model": "restapi.trending", "pk": 4, "fields": {"cycle_id": 18}}, {"model": "auth.permission", "pk": 1, "fields": {"name": "Can add cycle", "content_type": 1, "codename": "add_cycle"}}, {"model": "auth.permission", "pk": 2, "fields": {"name": "Can change cycle", "content_type": 1, "codename": "change_cycle"}}, {"model": "auth.permission", "pk": 3, "fields": {"name": "Can delete cycle", "content_type": 1, "codename": "delete_cycle"}}, {"model": "auth.permission", "pk": 4, "fields": {"name": "Can view cycle", "content_type": 1, "codename": "view_cycle"}}, {"model": "auth.permission", "pk": 5, "fields": {"name": "Can add image", "content_type": 2, "codename": "add_image"}}, {"model": "auth.permission", "pk": 6, "fields": {"name": "Can change image", "content_type": 2, "codename": "change_image"}}, {"model": "auth.permission", "pk": 7, "fields": {"name": "Can delete image", "content_type": 2, "codename": "delete_image"}}, {"model": "auth.permission", "pk": 8, "fields": {"name": "Can view image", "content_type": 2, "codename": "view_image"}}, {"model": "auth.permission", "pk": 9, "fields": {"name": "Can add log entry", "content_type": 3, "codename": "add_logentry"}}, {"model": "auth.permission", "pk": 10, "fields": {"name": "Can change log entry", "content_type": 3, "codename": "change_logentry"}}, {"model": "auth.permission", "pk": 11, "fields": {"name": "Can delete log entry", "content_type": 3, "codename": "delete_logentry"}}, {"model": "auth.permission", "pk": 12, "fields": {"name": "Can view log entry", "content_type": 3, "codename": "view_logentry"}}, {"model": "auth.permission", "pk": 13, "fields": {"name": "Can add permission", "content_type": 4, "codename": "add_permission"}}, {"model": "auth.permission", "pk": 14, "fields": {"name": "Can change permission", "content_type": 4, "codename": "change_permission"}}, {"model": "auth.permission", "pk": 15, "fields": {"name": "Can delete permission", "content_type": 4, "codename": "delete_permission"}}, {"model": "auth.permission", "pk": 16, "fields": {"name": "Can view permission", "content_type": 4, "codename": "view_permission"}}, {"model": "auth.permission", "pk": 17, "fields": {"name": "Can add group", "content_type": 5, "codename": "add_group"}}, {"model": "auth.permission", "pk": 18, "fields": {"name": "Can change group", "content_type": 5, "codename": "change_group"}}, {"model": "auth.permission", "pk": 19, "fields": {"name": "Can delete group", "content_type": 5, "codename": "delete_group"}}, {"model": "auth.permission", "pk": 20, "fields": {"name": "Can view group", "content_type": 5, "codename": "view_group"}}, {"model": "auth.permission", "pk": 21, "fields": {"name": "Can add user", "content_type": 6, "codename": "add_user"}}, {"model": "auth.permission", "pk": 22, "fields": {"name": "Can change user", "content_type": 6, "codename": "change_user"}}, {"model": "auth.permission", "pk": 23, "fields": {"name": "Can delete user", "content_type": 6, "codename": "delete_user"}}, {"model": "auth.permission", "pk": 24, "fields": {"name": "Can view user", "content_type": 6, "codename": "view_user"}}, {"model": "auth.permission", "pk": 25, "fields": {"name": "Can add content type", "content_type": 7, "codename": "add_contenttype"}}, {"model": "auth.permission", "pk": 26, "fields": {"name": "Can change content type", "content_type": 7, "codename": "change_contenttype"}}, {"model": "auth.permission", "pk": 27, "fields": {"name": "Can delete content type", "content_type": 7, "codename": "delete_contenttype"}}, {"model": "auth.permission", "pk": 28, "fields": {"name": "Can view content type", "content_type": 7, "codename": "view_contenttype"}}, {"model": "auth.permission", "pk": 29, "fields": {"name": "Can add session", "content_type": 8, "codename": "add_session"}}, {"model": "auth.permission", "pk": 30, "fields": {"name": "Can change session", "content_type": 8, "codename": "change_session"}}, {"model": "auth.permission", "pk": 31, "fields": {"name": "Can delete session", "content_type": 8, "codename": "delete_session"}}, {"model": "auth.permission", "pk": 32, "fields": {"name": "Can view session", "content_type": 8, "codename": "view_session"}}, {"model": "auth.permission", "pk": 33, "fields": {"name": "Can add new", "content_type": 9, "codename": "add_new"}}, {"model": "auth.permission", "pk": 34, "fields": {"name": "Can change new", "content_type": 9, "codename": "change_new"}}, {"model": "auth.permission", "pk": 35, "fields": {"name": "Can delete new", "content_type": 9, "codename": "delete_new"}}, {"model": "auth.permission", "pk": 36, "fields": {"name": "Can view new", "content_type": 9, "codename": "view_new"}}, {"model": "auth.permission", "pk": 37, "fields": {"name": "Can add trending", "content_type": 10, "codename": "add_trending"}}, {"model": "auth.permission", "pk": 38, "fields": {"name": "Can change trending", "content_type": 10, "codename": "change_trending"}}, {"model": "auth.permission", "pk": 39, "fields": {"name": "Can delete trending", "content_type": 10, "codename": "delete_trending"}}, {"model": "auth.permission", "pk": 40, "fields": {"name": "Can view trending", "content_type": 10, "codename": "view_trending"}}, {"model": "auth.permission", "pk": 41, "fields": {"name": "Can add bids", "content_type": 11, "codename": "add_bids"}}, {"model": "auth.permission", "pk": 42, "fields": {"name": "Can change bids", "content_type": 11, "codename": "change_bids"}}, {"model": "auth.permission", "pk": 43, "fields": {"name": "Can delete bids", "content_type": 11, "codename": "delete_bids"}}, {"model": "auth.permission", "pk": 44, "fields": {"name": "Can view bids", "content_type": 11, "codename": "view_bids"}}, {"model": "auth.permission", "pk": 45, "fields": {"name": "Can add user", "content_type": 12, "codename": "add_user"}}, {"model": "auth.permission", "pk": 46, "fields": {"name": "Can change user", "content_type": 12, "codename": "change_user"}}, {"model": "auth.permission", "pk": 47, "fields": {"name": "Can delete user", "content_type": 12, "codename": "delete_user"}}, {"model": "auth.permission", "pk": 48, "fields": {"name": "Can view user", "content_type": 12, "codename": "view_user"}}, {"model": "auth.permission", "pk": 49, "fields": {"name": "Can add bid", "content_type": 11, "codename": "add_bid"}}, {"model": "auth.permission", "pk": 50, "fields": {"name": "Can change bid", "content_type": 11, "codename": "change_bid"}}, {"model": "auth.permission", "pk": 51, "fields": {"name": "Can delete bid", "content_type": 11, "codename": "delete_bid"}}, {"model": "auth.permission", "pk": 52, "fields": {"name": "Can view bid", "content_type": 11, "codename": "view_bid"}}, {"model": "auth.permission", "pk": 53, "fields": {"name": "Can add app user", "content_type": 13, "codename": "add_appuser"}}, {"model": "auth.permission", "pk": 54, "fields": {"name": "Can change app user", "content_type": 13, "codename": "change_appuser"}}, {"model": "auth.permission", "pk": 55, "fields": {"name": "Can delete app user", "content_type": 13, "codename": "delete_appuser"}}, {"model": "auth.permission", "pk": 56, "fields": {"name": "Can view app user", "content_type": 13, "codename": "view_appuser"}}, {"model": "auth.permission", "pk": 57, "fields": {"name": "Can add crontab", "content_type": 14, "codename": "add_crontabschedule"}}, {"model": "auth.permission", "pk": 58, "fields": {"name": "Can change crontab", "content_type": 14, "codename": "change_crontabschedule"}}, {"model": "auth.permission", "pk": 59, "fields": {"name": "Can delete crontab", "content_type": 14, "codename": "delete_crontabschedule"}}, {"model": "auth.permission", "pk": 60, "fields": {"name": "Can view crontab", "content_type": 14, "codename": "view_crontabschedule"}}, {"model": "auth.permission", "pk": 61, "fields": {"name": "Can add interval", "content_type": 15, "codename": "add_intervalschedule"}}, {"model": "auth.permission", "pk": 62, "fields": {"name": "Can change interval", "content_type": 15, "codename": "change_intervalschedule"}}, {"model": "auth.permission", "pk": 63, "fields": {"name": "Can delete interval", "content_type": 15, "codename": "delete_intervalschedule"}}, {"model": "auth.permission", "pk": 64, "fields": {"name": "Can view interval", "content_type": 15, "codename": "view_intervalschedule"}}, {"model": "auth.permission", "pk": 65, "fields": {"name": "Can add periodic task", "content_type": 16, "codename": "add_periodictask"}}, {"model": "auth.permission", "pk": 66, "fields": {"name": "Can change periodic task", "content_type": 16, "codename": "change_periodictask"}}, {"model": "auth.permission", "pk": 67, "fields": {"name": "Can delete periodic task", "content_type": 16, "codename": "delete_periodictask"}}, {"model": "auth.permission", "pk": 68, "fields": {"name": "Can view periodic task", "content_type": 16, "codename": "view_periodictask"}}, {"model": "auth.permission", "pk": 69, "fields": {"name": "Can add periodic tasks", "content_type": 17, "codename": "add_periodictasks"}}, {"model": "auth.permission", "pk": 70, "fields": {"name": "Can change periodic tasks", "content_type": 17, "codename": "change_periodictasks"}}, {"model": "auth.permission", "pk": 71, "fields": {"name": "Can delete periodic tasks", "content_type": 17, "codename": "delete_periodictasks"}}, {"model": "auth.permission", "pk": 72, "fields": {"name": "Can view periodic tasks", "content_type": 17, "codename": "view_periodictasks"}}, {"model": "auth.permission", "pk": 73, "fields": {"name": "Can add solar event", "content_type": 18, "codename": "add_solarschedule"}}, {"model": "auth.permission", "pk": 74, "fields": {"name": "Can change solar event", "content_type": 18, "codename": "change_solarschedule"}}, {"model": "auth.permission", "pk": 75, "fields": {"name": "Can delete solar event", "content_type": 18, "codename": "delete_solarschedule"}}, {"model": "auth.permission", "pk": 76, "fields": {"name": "Can view solar event", "content_type": 18, "codename": "view_solarschedule"}}, {"model": "auth.permission", "pk": 77, "fields": {"name": "Can add clocked", "content_type": 19, "codename": "add_clockedschedule"}}, {"model": "auth.permission", "pk": 78, "fields": {"name": "Can change clocked", "content_type": 19, "codename": "change_clockedschedule"}}, {"model": "auth.permission", "pk": 79, "fields": {"name": "Can delete clocked", "content_type": 19, "codename": "delete_clockedschedule"}}, {"model": "auth.permission", "pk": 80, "fields": {"name": "Can view clocked", "content_type": 19, "codename": "view_clockedschedule"}}, {"model": "contenttypes.contenttype", "pk": 1, "fields": {"app_label": "restapi", "model": "cycle"}}, {"model": "contenttypes.contenttype", "pk": 2, "fields": {"app_label": "restapi", "model": "image"}}, {"model": "contenttypes.contenttype", "pk": 3, "fields": {"app_label": "admin", "model": "logentry"}}, {"model": "contenttypes.contenttype", "pk": 4, "fields": {"app_label": "auth", "model": "permission"}}, {"model": "contenttypes.contenttype", "pk": 5, "fields": {"app_label": "auth", "model": "group"}}, {"model": "contenttypes.contenttype", "pk": 6, "fields": {"app_label": "auth", "model": "user"}}, {"model": "contenttypes.contenttype", "pk": 7, "fields": {"app_label": "contenttypes", "model": "contenttype"}}, {"model": "contenttypes.contenttype", "pk": 8, "fields": {"app_label": "sessions", "model": "session"}}, {"model": "contenttypes.contenttype", "pk": 9, "fields": {"app_label": "restapi", "model": "new"}}, {"model": "contenttypes.contenttype", "pk": 10, "fields": {"app_label": "restapi", "model": "trending"}}, {"model": "contenttypes.contenttype", "pk": 11, "fields": {"app_label": "restapi", "model": "bid"}}, {"model": "contenttypes.contenttype", "pk": 12, "fields": {"app_label": "restapi", "model": "user"}}, {"model": "contenttypes.contenttype", "pk": 13, "fields": {"app_label": "restapi", "model": "appuser"}}, {"model": "contenttypes.contenttype", "pk": 14, "fields": {"app_label": "django_celery_beat", "model": "crontabschedule"}}, {"model": "contenttypes.contenttype", "pk": 15, "fields": {"app_label": "django_celery_beat", "model": "intervalschedule"}}, {"model": "contenttypes.contenttype", "pk": 16, "fields": {"app_label": "django_celery_beat", "model": "periodictask"}}, {"model": "contenttypes.contenttype", "pk": 17, "fields": {"app_label": "django_celery_beat", "model": "periodictasks"}}, {"model": "contenttypes.contenttype", "pk": 18, "fields": {"app_label": "django_celery_beat", "model": "solarschedule"}}, {"model": "contenttypes.contenttype", "pk": 19, "fields": {"app_label": "django_celery_beat", "model": "clockedschedule"}}]